{
  "shares_pct": {
    "NM": 29.544967039866066,
    "OR": 16.55919744689756,
    "MN": 14.46884482578215,
    "CO": 12.586324160301348,
    "MD": 9.572564612326044,
    "HI": 6.193627707439573,
    "VT": 4.927670817202051,
    "WI": 4.20110913466569,
    "MI": 1.9456942555195145
  },
  "anchors": {
    "NM": [
      144,
      155,
      247
    ],
    "CO": [
      82,
      108,
      221
    ],
    "OR": [
      177,
      142,
      244
    ],
    "MN": [
      80,
      176,
      0
    ],
    "WI": [
      40,
      100,
      10
    ],
    "MI": [
      84,
      146,
      65
    ],
    "MD": [
      2,
      105,
      146
    ],
    "VT": [
      0,
      56,
      71
    ],
    "HI": [
      1,
      96,
      183
    ]
  },
  "total_pixels_classified": 764560
}